sr_no,bank_name,total_volume_mn,approved_pct,bd_pct,td_pct,reversal_count_mn,reversal_success_pct,source_month
1,State Bank of India,"4,972.91",93.87%,5.88%,0.25%,12.1,95.08%,05
2,HDFC Bank Ltd.,"1,512.37",95.02%,4.86%,0.12%,2.2799999999999998,99.93%,05
3,Bank of Baroda,"1,262.84",91.27%,8.64%,0.09%,2.65,98.59%,05
4,Union Bank of India,"1,168.19",93.20%,6.72%,0.09%,2.44,94.06%,05
5,Punjab National Bank,"1,068.01",92.60%,7.20%,0.20%,2.57,96.74%,05
6,Kotak Mahindra Bank,927.5,92.40%,7.51%,0.09%,1.84,61.98%,05
7,Canara Bank,903.21,93.09%,6.84%,0.07%,1.87,89.90%,05
8,Axis Bank Ltd.,852.6,94.85%,5.15%,0.00%,1.38,99.76%,05
9,ICICI Bank Ltd.,713.35,96.15%,3.84%,0.01%,1.01,98.36%,05
10,Indian Bank,593.72,92.95%,6.74%,0.31%,1.21,90.40%,05
11,Bank Of India,587.21,92.56%,6.44%,0.99%,2.86,53.96%,05
12,India Post Payments Bank Limited,576.1,89.08%,10.71%,0.21%,1.72,92.44%,05
13,Airtel Payments Bank Limited,573.79,86.66%,12.92%,0.42%,2.11,91.48%,05
14,Indian Overseas Bank,298.89999999999998,92.95%,6.75%,0.30%,0.66,96.66%,05
15,Central Bank of India,265.24,88.88%,10.60%,0.52%,0.85,92.13%,05
16,UCO Bank,259.36,91.65%,8.20%,0.15%,0.66,89.51%,05
17,Federal Bank Ltd.,251.18,93.02%,6.87%,0.11%,0.4,98.36%,05
18,Fino Payments Bank Ltd.,213.85,88.43%,11.33%,0.23%,0.81,72.70%,05
19,Bank of Maharashtra,204.66,93.47%,6.36%,0.18%,0.57999999999999996,74.16%,05
20,Indusind Bank Ltd.,203.19,90.35%,9.48%,0.16%,0.61,74.39%,05
21,IDBI Bank Ltd.,199.11,93.43%,6.10%,0.47%,0.72,85.19%,05
22,Yes Bank Ltd.,175.35,92.04%,7.87%,0.09%,0.26,78.73%,05
23,Karnataka Bank,140.77000000000001,92.33%,7.45%,0.21%,0.34,81.09%,05
24,IDFC Bank Ltd.,113.06,93.44%,6.51%,0.05%,0.22,90.55%,05
25,Tri O Tech Solutions Private Limited,110.06,100.00%,0.00%,0.00%,-,0.00%,05
26,The Jammu & Kashmir Bank Limited,96.68,92.37%,6.45%,1.18%,0.7,38.44%,05
27,Karur Vysya Bank,90.61,93.23%,6.62%,0.14%,0.19,88.09%,05
28,Bandhan Bank limited,86.69,94.47%,5.29%,0.24%,0.28000000000000003,92.82%,05
29,AU Small Finance Bank,73.849999999999994,90.28%,9.43%,0.29%,0.2,89.87%,05
30,The South Indian Bank Limited,69.84,94.78%,5.11%,0.11%,0.1,98.07%,05
31,Punjab and Sind Bank,56.71,91.83%,7.64%,0.53%,0.28000000000000003,79.08%,05
32,City Union Bank,53.56,92.11%,7.72%,0.17%,0.09,99.07%,05
33,Ujjivan Small Finance Bank Limited,52.91,93.19%,6.62%,0.19%,0.13,91.42%,05
34,Tamilnad Mercantile Bank Limited,52.51,92.78%,7.05%,0.17%,0.09,92.46%,05
35,JIO Payments Bank Ltd,52.13,83.89%,15.36%,0.74%,0.31,86.75%,05
36,Baroda U.P. Bank,45.69,91.48%,6.48%,2.04%,0.39,35.16%,05
37,Kerala Gramin Bank,44.18,91.81%,7.17%,1.02%,0.32,68.37%,05
38,Telangana Grameena Bank,37.79,88.89%,10.41%,0.70%,0.23,72.72%,05
39,RBL Bank Ltd.,35.46,93.76%,5.57%,0.67%,0.1,61.82%,05
40,Maharashtra Gramin Bank,35.090000000000003,86.13%,12.35%,1.52%,0.18,62.95%,05
41,NSDL Payments Bank Limited,35.020000000000003,84.06%,15.48%,0.45%,0.17,77.48%,05
42,Karnataka Gramin Bank,34.590000000000003,89.38%,9.26%,1.36%,0.32,52.34%,05
43,Rajasthan Marudhara Gramin Bank,32.880000000000003,86.88%,12.50%,0.62%,0.18,33.49%,05
44,ESAF Small Finance Bank Ltd,32.020000000000003,95.76%,4.06%,0.19%,7.0000000000000007E-2,92.80%,05
45,DBS Bank India Limited,31.69,93.36%,6.53%,0.12%,0.06,94.01%,05
46,Equitas Small Finance Bank,30.47,91.32%,8.47%,0.21%,7.0000000000000007E-2,98.98%,05
47,Saraswat Co-operative Bank,28.72,95.09%,4.88%,0.04%,0.05,99.03%,05
48,Andhra Pragathi Grameena Bank,28.62,84.84%,12.31%,2.85%,0.18,38.41%,05
49,Standard Chartered Bank,28.24,95.89%,3.67%,0.43%,0.08,43.42%,05
50,Sarva Haryana Gramin Bank,26.07,90.17%,6.96%,2.87%,0.28000000000000003,43.62%,05
1,State Bank of India,"4,850.52",91.83%,7.42%,0.75%,14.48,93.18%,04
2,HDFC Bank Ltd.,"1,471.20",94.26%,5.74%,0.00%,5.69,95.45%,04
3,Bank of Baroda,"1,243.19",89.74%,10.25%,0.01%,3.92,93.70%,04
4,Union Bank of India,"1,139.95",91.34%,8.18%,0.47%,4.32,68.02%,04
5,Punjab National Bank,"1,033.60",90.90%,8.74%,0.36%,4.1500000000000004,87.03%,04
6,Kotak Mahindra Bank,917.25,90.42%,9.58%,0.00%,2.27,1.20%,04
7,Canara Bank,876.59,91.88%,7.97%,0.14%,3.12,78.87%,04
8,Axis Bank Ltd.,837.82,93.69%,6.30%,0.01%,1.93,93.94%,04
9,ICICI Bank Ltd.,697.48,95.29%,4.68%,0.03%,1.59,91.28%,04
10,Indian Bank,581.42999999999995,91.50%,8.50%,0.00%,1.57,89.24%,04
11,Bank Of India,578.04999999999995,91.29%,7.79%,0.92%,3.05,62.65%,04
12,Airtel Payments Bank Limited,567.66999999999996,83.13%,16.41%,0.46%,2.57,83.11%,04
13,India Post Payments Bank Limited,554.67999999999995,86.07%,13.73%,0.21%,2.35,82.42%,04
14,Indian Overseas Bank,288.12,92.05%,7.73%,0.22%,0.88,94.06%,04
15,Central Bank of India,260.39,85.82%,13.54%,0.64%,1.04,82.21%,04
16,UCO Bank,252.89,89.27%,10.40%,0.33%,1,83.06%,04
17,Federal Bank Ltd.,245.91,91.50%,8.49%,0.00%,0.54,95.94%,04
18,Fino Payments Bank Ltd.,209.14,86.54%,13.35%,0.10%,1.03,74.62%,04
19,Bank of Maharashtra,205.33,92.15%,7.80%,0.05%,0.64,84.29%,04
20,Indusind Bank Ltd.,199.26,88.17%,11.74%,0.10%,0.73,81.98%,04
21,IDBI Bank Ltd.,195.97,92.72%,7.12%,0.15%,0.71,84.92%,04
22,Yes Bank Ltd.,168.8,89.21%,10.76%,0.03%,0.35,83.34%,04
23,Karnataka Bank,137.30000000000001,89.51%,9.22%,1.27%,1,40.28%,04
24,IDFC Bank Ltd.,111.75,91.64%,8.35%,0.01%,0.3,86.21%,04
25,Tri O Tech Solutions Private Limited,99.59,100.00%,0.00%,0.00%,-,0.00%,04
26,The Jammu & Kashmir Bank Limited,94.27,92.37%,6.58%,1.05%,0.94,26.83%,04
27,Karur Vysya Bank,87.89,92.36%,7.44%,0.20%,0.31,75.96%,04
28,Bandhan Bank limited,82.44,93.75%,5.62%,0.64%,0.42,85.31%,04
29,AU Small Finance Bank,73.95,87.39%,12.34%,0.27%,0.34,71.56%,04
30,The South Indian Bank Limited,66.92,94.08%,5.91%,0.01%,0.27,79.98%,04
31,Punjab and Sind Bank,54.5,90.17%,9.36%,0.47%,0.28999999999999998,80.90%,04
32,City Union Bank,52.19,90.55%,9.18%,0.27%,0.13,91.66%,04
33,Ujjivan Small Finance Bank Limited,51.6,91.96%,7.09%,0.94%,0.32,52.76%,04
34,Tamilnad Mercantile Bank Limited,50.57,91.59%,8.27%,0.14%,0.23,56.26%,04
35,JIO Payments Bank Ltd,49.43,79.30%,20.13%,0.58%,0.36,79.43%,04
36,Baroda U.P. Bank,43.04,91.80%,6.80%,1.40%,0.37,45.96%,04
37,Kerala Gramin Bank,41.93,91.12%,7.68%,1.20%,0.28000000000000003,70.10%,04
38,RBL Bank Ltd.,36.090000000000003,92.76%,6.80%,0.45%,0.14000000000000001,75.67%,04
39,Telangana Grameena Bank,36.07,85.88%,12.91%,1.21%,0.32,64.78%,04
40,Maharashtra Gramin Bank,35.659999999999997,84.44%,12.84%,2.73%,0.26,56.69%,04
41,Karnataka Gramin Bank,34.520000000000003,86.08%,11.12%,2.80%,0.51,63.66%,04
42,Rajasthan Marudhara Gramin Bank,33.47,82.68%,17.01%,0.31%,0.19,81.33%,04
43,NSDL Payments Bank Limited,33.14,78.01%,20.66%,1.32%,0.24,68.58%,04
44,DBS Bank India Limited,31.44,91.81%,8.18%,0.01%,0.09,88.92%,04
45,ESAF Small Finance Bank Ltd,30.46,94.78%,5.17%,0.05%,0.11,89.71%,04
46,Equitas Small Finance Bank,30.39,90.12%,9.44%,0.44%,0.1,82.35%,04
47,Saraswat Co-operative Bank,28.81,94.13%,5.86%,0.00%,7.0000000000000007E-2,89.93%,04
48,Andhra Pragathi Grameena Bank,28.12,82.07%,12.71%,5.22%,0.64,50.54%,04
49,Standard Chartered Bank,27.01,94.52%,4.50%,0.97%,0.1,53.00%,04
50,Sarva Haryana Gramin Bank,23.95,93.23%,5.04%,1.73%,0.24,65.23%,04
1,State Bank of India,"4,400.89",92.13%,7.53%,0.34%,12.56,94.16%,02
2,HDFC Bank Ltd.,"1,335.84",93.74%,6.20%,0.06%,3.56,98.71%,02
3,Bank of Baroda,"1,107.47",90.78%,9.16%,0.06%,2.98,94.41%,02
4,Union Bank of India,"1,035.24",91.72%,8.05%,0.22%,2.9,89.12%,02
5,Punjab National Bank,925.01,89.74%,10.12%,0.14%,2.77,96.09%,02
6,Kotak Mahindra Bank,838.1,89.58%,10.23%,0.19%,2.07,2.75%,02
7,Canara Bank,799.21,90.86%,8.70%,0.44%,2.65,77.52%,02
8,Axis Bank Ltd.,774.8,93.21%,6.78%,0.02%,1.61,97.96%,02
9,ICICI Bank Ltd.,646.14,94.86%,5.08%,0.06%,1.29,92.36%,02
10,Bank Of India,524.43,92.00%,7.17%,0.83%,2.6,63.53%,02
11,Indian Bank,517.21,91.87%,8.08%,0.05%,1.27,93.38%,02
12,Airtel Payments Bank Limited,494.58,79.75%,17.84%,2.41%,2.16,82.80%,02
13,India Post Payments Bank Ltd.,488.27,84.83%,14.04%,1.13%,1.76,85.35%,02
14,Indian Overseas Bank,257.53,91.88%,7.93%,0.19%,0.67,97.18%,02
15,Central Bank of India,234.96,85.99%,13.49%,0.52%,0.85,92.18%,02
16,Federal Bank Ltd.,234.23,91.54%,8.32%,0.14%,0.48,97.98%,02
17,UCO Bank,222.51,90.40%,9.22%,0.38%,0.79,83.80%,02
18,Bank of Maharashtra,183.07,92.04%,7.47%,0.50%,0.71,62.29%,02
19,Fino Payments Bank Ltd.,182.03,89.88%,9.89%,0.22%,0.82,83.43%,02
20,Indusind Bank Ltd.,180.68,87.51%,12.12%,0.37%,0.81,61.52%,02
21,IDBI Bank Ltd.,177.38,92.32%,7.34%,0.34%,0.62,87.66%,02
22,Yes Bank Ltd.,150.13,86.99%,12.77%,0.23%,0.48,54.37%,02
23,Karnataka Bank,127.01,90.88%,8.65%,0.47%,0.47,62.11%,02
24,IDFC Bank Ltd.,99.48,90.73%,9.24%,0.02%,0.23,95.90%,02
25,Karur Vysya Bank,80.65,91.79%,7.87%,0.34%,0.23,78.72%,02
26,The Jammu & Kashmir Bank Limited,80.46,91.31%,6.33%,2.36%,0.96,27.81%,02
27,Tri O Tech Solutions Private Limited,76.79,100.00%,0.00%,0.00%,-,0.00%,02
28,Bandhan Bank limited,74.75,92.93%,5.02%,2.05%,0.65,88.71%,02
29,AU Small Finance Bank,67.04,86.79%,12.78%,0.43%,0.28,74.62%,02
30,The South Indian Bank Limited,63.83,93.57%,5.83%,0.60%,0.12,96.99%,02
31,Punjab and Sind Bank,48.34,89.73%,9.68%,0.59%,0.25,75.45%,02
32,City Union Bank,48.24,91.53%,8.33%,0.13%,0.09,96.40%,02
33,Ujjivan Small Finance Bank Limited,46.36,94.56%,5.35%,0.10%,0.15,88.76%,02
34,Tamilnad Mercantile Bank Limited,45.82,91.37%,8.13%,0.50%,0.14,64.88%,02
35,Kerala Gramin Bank,39.96,92.08%,7.29%,0.63%,0.15,88.95%,02
36,JIO Payments Bank Ltd,39.6,86.44%,12.94%,0.62%,0.21,80.00%,02
37,Baroda U.P. Bank,35.45,92.12%,6.03%,1.84%,0.31,41.58%,02
38,Telangana Grameena Bank,31.21,83.85%,12.35%,3.81%,0.6,26.67%,02
39,Karnataka Gramin Bank,31.05,88.53%,10.15%,1.32%,0.21,87.74%,02
40,NSDL Payments Bank Limited,30.8,68.39%,15.91%,15.71%,1.47,8.99%,02
41,Rajasthan Marudhara Gramin Bank,30.74,80.12%,14.29%,5.59%,0.63,18.91%,02
42,Maharashtra Gramin Bank,30.5,86.01%,11.99%,2.01%,0.15,53.25%,02
43,ESAF Small Finance Bank Ltd,28.79,94.28%,4.15%,1.57%,0.18,91.31%,02
44,DBS Bank India Limited,28.75,92.20%,7.75%,0.05%,0.07,93.35%,02
45,RBL Bank Ltd.,28.55,91.46%,7.75%,0.79%,0.09,66.20%,02
46,Equitas Small Finance Bank,28.49,89.74%,9.72%,0.54%,0.1,71.53%,02
47,Saraswat Co-operative Bank,26.38,93.24%,6.16%,0.61%,0.1,55.99%,02
48,Standard Chartered Bank,25.11,95.66%,4.29%,0.05%,0.05,91.57%,02
49,Andhra Pragathi Grameena Bank,23.7,83.93%,12.53%,3.53%,0.43,79.17%,02
50,Sarva Haryana Gramin Bank,20.73,92.58%,4.52%,2.90%,0.2,46.38%,02
1,State Bank of India,"4,664.49",91.22%,7.93%,0.84%,15.63,97.06%,01
2,HDFC Bank Ltd.,"1,419.33",93.64%,6.28%,0.08%,4.12,98.91%,01
3,Bank of Baroda,"1,159.99",91.22%,8.50%,0.28%,3.31,97.33%,01
4,Union Bank of India,"1,086.26",91.25%,8.07%,0.68%,5.11,56.75%,01
5,Punjab National Bank,976.62,89.56%,10.31%,0.13%,2.99,98.61%,01
6,Kotak Mahindra Bank,889.41,89.73%,10.22%,0.06%,2.24,89.54%,01
7,Canara Bank,835.68,91.83%,7.80%,0.37%,3.08,79.91%,01
8,Axis Bank Ltd.,821.68,93.47%,6.51%,0.02%,1.83,95.14%,01
9,ICICI Bank Ltd.,692.71,94.98%,4.96%,0.06%,1.36,98.36%,01
10,Bank Of India,556.22,92.58%,7.05%,0.37%,2.28,72.53%,01
11,Airtel Payments Bank Limited,553.22,85.84%,13.72%,0.45%,2.47,93.68%,01
12,Indian Bank,539.83,91.90%,8.04%,0.06%,1.33,93.95%,01
13,India Post Payments Bank Ltd.,496.43,83.69%,14.80%,1.51%,2.6,57.91%,01
14,Indian Overseas Bank,264.2,92.14%,7.55%,0.31%,0.74,97.00%,01
15,Federal Bank Ltd.,250.01,91.29%,8.47%,0.24%,0.5,99.71%,01
16,Central Bank of India,246.28,85.69%,13.46%,0.85%,1.18,75.51%,01
17,UCO Bank,231.83,90.85%,8.99%,0.16%,0.8,89.97%,01
18,Bank of Maharashtra,194.89,92.30%,7.61%,0.09%,0.56,89.99%,01
19,Indusind Bank Ltd.,191.69,87.62%,12.19%,0.19%,0.75,76.62%,01
20,IDBI Bank Ltd.,188.22,92.26%,7.49%,0.25%,0.6,89.76%,01
21,Fino Payments Bank Ltd.,185.4,91.80%,8.05%,0.14%,0.75,92.17%,01
22,Yes Bank Ltd.,168.5,84.22%,15.59%,0.19%,0.51,56.27%,01
23,Karnataka Bank,136.62,90.20%,9.67%,0.14%,0.4,74.39%,01
24,IDFC Bank Ltd.,104.47,90.66%,9.31%,0.03%,0.26,95.79%,01
25,Karur Vysya Bank,84.1,92.02%,7.64%,0.34%,0.26,72.72%,01
26,The Jammu & Kashmir Bank Limited,82.35,93.48%,6.31%,0.21%,0.39,81.26%,01
27,Tri O Tech Solutions Private Limited,78.71,100.00%,0.00%,0.00%,-,0.00%,01
28,Bandhan Bank limited,78.53,92.71%,5.28%,2.01%,0.42,89.00%,01
29,AU Small Finance Bank,69.84,86.60%,12.25%,1.15%,0.48,60.62%,01
30,The South Indian Bank Limited,67.76,94.10%,5.64%,0.26%,0.16,86.88%,01
31,Punjab and Sind Bank,50.26,90.33%,9.39%,0.28%,0.23,88.46%,01
32,City Union Bank,49.76,91.73%,8.11%,0.16%,0.1,97.37%,01
33,Ujjivan Small Finance Bank Limited,49.3,94.68%,4.95%,0.38%,0.17,88.78%,01
34,Tamilnad Mercantile Bank Limited,47.41,91.51%,8.31%,0.18%,0.1,85.73%,01
35,Kerala Gramin Bank,41.85,91.60%,7.39%,1.01%,0.23,68.36%,01
36,JIO Payments Bank Ltd,38.84,86.01%,12.36%,1.63%,0.22,89.24%,01
37,Baroda U.P. Bank,35.83,90.54%,6.23%,3.23%,0.44,32.52%,01
38,Karnataka Gramin Bank,33.43,86.15%,9.39%,4.46%,0.52,72.43%,01
39,Rajasthan Marudhara Gramin Bank,31.82,81.68%,12.90%,5.43%,0.51,29.98%,01
40,Maharashtra Gramin Bank,31.62,86.20%,12.11%,1.69%,0.12,69.86%,01
41,Equitas Small Finance Bank,31.07,90.38%,9.51%,0.10%,0.09,98.66%,01
42,DBS Bank India Limited,30.85,92.01%,7.92%,0.07%,0.08,96.10%,01
43,ESAF Small Finance Bank Ltd,30.15,95.22%,4.46%,0.31%,0.09,96.73%,01
44,RBL Bank Ltd.,29.51,91.90%,7.73%,0.37%,0.1,66.25%,01
45,NSDL Payments Bank Limited,29.28,74.94%,20.06%,5.00%,0.47,34.88%,01
46,Saraswat Co-operative Bank,28.32,93.24%,6.42%,0.34%,0.1,67.53%,01
47,Standard Chartered Bank,26.87,95.22%,4.22%,0.56%,0.06,82.54%,01
48,Telangana Grameena Bank,26.64,79.06%,15.81%,5.13%,0.58,41.27%,01
49,Andhra Pragathi Grameena Bank,25.58,76.03%,11.90%,12.07%,0.98,30.56%,01
50,Sarva Haryana Gramin Bank,21.26,94.63%,4.63%,0.73%,0.12,69.44%,01
1,State Bank of India,"5,368.74",93.66%,5.92%,0.42%,14.51,97.89%,08
2,HDFC Bank Ltd.,"1,581.09",95.37%,4.63%,0.01%,3.51,98.73%,08
3,Bank of Baroda,"1,369.53",91.44%,8.50%,0.05%,3.73,99.03%,08
4,Union Bank of India,"1,233.20",92.23%,7.02%,0.75%,4.64,61.93%,08
5,Punjab National Bank,"1,131.31",91.20%,8.61%,0.19%,3.52,97.66%,08
6,Kotak Mahindra Bank,978.17,92.39%,7.47%,0.13%,2.46,90.51%,08
7,Canara Bank,970.63,92.73%,6.92%,0.36%,2.54,89.02%,08
8,Axis Bank Ltd.,902.87,94.96%,5.03%,0.02%,1.77,99.76%,08
9,ICICI Bank Ltd.,752.78,95.66%,3.82%,0.52%,2.11,84.15%,08
10,India Post Payments Bank Limited,674.59,87.92%,11.15%,0.93%,3.26,74.86%,08
11,Indian Bank,653.87,93.05%,6.81%,0.14%,1.35,1.90%,08
12,Airtel Payments Bank Limited,637.23,85.83%,14.05%,0.12%,2.61,99.17%,08
13,Bank Of India,605.10,88.96%,6.72%,4.32%,5.14,57.77%,08
14,Indian Overseas Bank,330.15,92.90%,6.47%,0.64%,1.24,46.60%,08
15,Central Bank of India,307.77,91.12%,7.81%,1.08%,1.65,80.86%,08
16,UCO Bank,283.93,91.70%,7.93%,0.37%,0.94,85.11%,08
17,Federal Bank Ltd.,266.43,93.11%,6.30%,0.59%,0.77,84.27%,08
18,Fino Payments Bank Ltd.,237.47,86.17%,12.42%,1.42%,1.08,85.22%,08
19,Bank of Maharashtra,218.97,93.57%,6.37%,0.06%,0.55,92.61%,08
20,Indusind Bank Ltd.,216.95,90.15%,9.59%,0.26%,0.81,72.79%,08
21,IDBI Bank Ltd.,206.69,92.78%,6.38%,0.83%,0.67,83.82%,08
22,Yes Bank Ltd.,177.66,91.49%,8.37%,0.15%,0.30,84.27%,08
23,Karnataka Bank,142.00,92.82%,7.11%,0.07%,0.31,88.41%,08
24,Tri O Tech Solutions Private Limited,134.92,100.00%,0.00%,0.00%,-,0.00%,08
25,IDFC Bank Ltd.,120.47,93.64%,6.28%,0.08%,0.28,89.06%,08
26,The Jammu & Kashmir Bank Limited,99.01,93.01%,5.82%,1.17%,0.68,36.82%,08
27,Karur Vysya Bank,95.13,92.90%,6.51%,0.59%,0.25,83.08%,08
28,Bandhan Bank limited,92.44,94.48%,5.37%,0.15%,0.31,97.93%,08
29,AU Small Finance Bank,79.26,88.14%,9.53%,2.33%,0.67,52.38%,08
30,The South Indian Bank Limited,76.06,95.03%,4.73%,0.24%,0.13,98.14%,08
31,JIO Payments Bank Ltd,61.01,84.15%,12.30%,3.55%,0.54,87.22%,08
32,Punjab and Sind Bank,59.04,90.64%,8.50%,0.86%,0.31,83.01%,08
33,City Union Bank,57.26,92.59%,7.30%,0.11%,0.10,99.53%,08
34,Tamilnad Mercantile Bank Limited,55.86,92.16%,6.56%,1.28%,0.20,54.34%,08
35,Ujjivan Small Finance Bank Limited,54.77,90.46%,8.26%,1.28%,0.21,71.19%,08
36,Baroda U.P. Bank,53.78,87.67%,4.69%,7.63%,0.92,44.49%,08
37,NSDL Payments Bank Limited,51.33,85.08%,13.62%,1.30%,0.39,71.78%,08
38,Kerala Gramin Bank,50.92,90.77%,6.54%,2.69%,0.51,70.32%,08
39,Telangana Grameena Bank,40.42,88.02%,9.51%,2.47%,0.35,44.22%,08
40,Maharashtra Gramin Bank,38.08,83.77%,13.79%,2.44%,0.23,52.46%,08
41,ESAF Small Finance Bank Ltd,34.96,95.92%,4.01%,0.08%,0.08,98.84%,08
42,Karnataka Gramin Bank,34.89,88.91%,9.83%,1.26%,0.23,67.83%,08
43,Rajasthan Marudhara Gramin Bank,32.73,85.57%,11.74%,2.69%,0.40,31.73%,08
44,RBL Bank Ltd.,32.15,92.71%,6.73%,0.56%,0.09,76.46%,08
45,Andhra Pragathi Grameena Bank,32.07,83.11%,13.12%,3.77%,0.24,60.28%,08
46,DBS Bank India Limited,31.37,92.08%,6.44%,1.48%,0.11,60.18%,08
47,Saraswat Co-operative Bank,30.02,94.06%,4.57%,1.37%,0.09,71.34%,08
48,Equitas Small Finance Bank,29.43,91.02%,8.64%,0.33%,0.10,68.99%,08
49,Axis Bank Credit Card,28.41,95.02%,4.91%,0.08%,0.07,99.83%,08
50,Sarva Haryana Gramin Bank,26.50,92.03%,4.46%,3.51%,0.24,42.86%,08
1,State Bank of India,4917.29,93.64%,5.82%,0.54%,12.90,98.27%,06
2,HDFC Bank Ltd.,1472.04,95.30%,4.62%,0.08%,1.80,99.45%,06
3,Bank of Baroda,1239.11,91.09%,8.88%,0.03%,3.01,98.54%,06
4,Union Bank of India,1144.76,92.95%,6.94%,0.11%,2.71,88.94%,06
5,Punjab National Bank,1053.00,92.38%,7.59%,0.02%,2.67,99.01%,06
6,Kotak Mahindra Bank,906.50,92.48%,7.49%,0.04%,1.92,97.08%,06
7,Canara Bank,889.37,92.85%,6.83%,0.32%,2.61,67.38%,06
8,Axis Bank Ltd.,834.65,94.52%,5.12%,0.36%,2.15,69.54%,06
9,ICICI Bank Ltd.,696.88,96.24%,3.74%,0.03%,1.15,96.02%,06
10,Indian Bank,586.64,93.23%,6.69%,0.08%,1.15,97.62%,06
11,India Post Payments Bank Limited,580.38,88.95%,10.65%,0.41%,2.15,84.83%,06
12,Bank Of India,570.58,92.87%,5.83%,1.30%,3.53,45.85%,06
13,Airtel Payments Bank Limited,569.33,87.08%,12.52%,0.40%,2.02,94.49%,06
14,Indian Overseas Bank,298.47,92.76%,6.78%,0.45%,0.72,97.39%,06
15,Central Bank of India,265.57,91.64%,7.94%,0.42%,0.97,87.00%,06
16,UCO Bank,254.42,91.81%,7.78%,0.41%,0.95,84.51%,06
17,Federal Bank Ltd.,242.10,93.38%,6.60%,0.02%,0.42,95.94%,06
18,Fino Payments Bank Ltd.,209.27,87.38%,11.74%,0.88%,0.90,77.08%,06
19,Bank of Maharashtra,200.61,93.59%,6.38%,0.03%,0.46,96.05%,06
20,Indusind Bank Ltd.,196.57,89.94%,9.41%,0.64%,0.93,51.63%,06
21,IDBI Bank Ltd.,193.91,93.65%,6.08%,0.27%,0.53,84.41%,06
22,Yes Bank Ltd.,180.35,92.55%,7.37%,0.08%,0.25,85.72%,06
23,Karnataka Bank,138.50,92.41%,7.34%,0.25%,0.35,77.32%,06
24,Tri O Tech Solutions Private Limited,112.44,100.00%,0.00%,0.00%,-,0.00%,06
25,IDFC Bank Ltd.,112.34,93.54%,6.32%,0.14%,0.25,83.80%,06
26,The Jammu & Kashmir Bank Limited,97.27,93.34%,5.92%,0.73%,0.64,41.11%,06
27,Karur Vysya Bank,89.99,93.12%,6.59%,0.29%,0.18,92.26%,06
28,Bandhan Bank limited,84.89,94.23%,5.28%,0.49%,0.29,93.99%,06
29,AU Small Finance Bank,72.91,90.35%,9.61%,0.04%,0.21,92.05%,06
30,The South Indian Bank Limited,68.49,94.67%,5.13%,0.19%,0.10,98.73%,06
31,Punjab and Sind Bank,55.07,91.18%,7.76%,1.06%,0.35,71.82%,06
32,City Union Bank,52.89,92.20%,7.59%,0.20%,0.08,99.33%,06
33,Ujjivan Small Finance Bank Limited,52.39,91.45%,8.25%,0.30%,0.14,87.38%,06
34,Tamilnad Mercantile Bank Limited,52.32,93.04%,6.81%,0.15%,0.08,72.68%,06
35,JIO Payments Bank Ltd,52.13,85.91%,13.08%,1.01%,0.38,92.66%,06
36,Baroda U.P. Bank,44.19,93.21%,5.56%,1.23%,0.28,53.69%,06
37,Kerala Gramin Bank,43.30,91.63%,6.78%,1.58%,0.34,73.04%,06
38,Telangana Grameena Bank,41.11,87.07%,10.14%,2.79%,0.28,65.85%,06
39,NSDL Payments Bank Limited,38.69,85.05%,14.21%,0.74%,0.22,77.12%,06
40,Karnataka Gramin Bank,34.24,88.11%,9.33%,2.56%,0.29,64.60%,06
41,Maharashtra Gramin Bank,34.01,86.29%,12.86%,0.85%,0.14,57.19%,06
42,Rajasthan Marudhara Gramin Bank,33.30,86.73%,11.81%,1.47%,0.17,73.69%,06
43,RBL Bank Ltd.,32.16,93.89%,5.88%,0.23%,0.07,61.68%,06
44,ESAF Small Finance Bank Ltd,31.54,95.88%,4.02%,0.10%,0.07,94.00%,06
45,DBS Bank India Limited,30.55,93.29%,6.52%,0.19%,0.07,87.06%,06
46,Andhra Pragathi Grameena Bank,29.66,83.04%,12.70%,4.26%,0.23,63.90%,06
47,Equitas Small Finance Bank,28.87,91.34%,8.66%,0.00%,0.07,99.13%,06
48,Saraswat Co-operative Bank,28.21,94.61%,5.30%,0.08%,0.06,89.18%,06
49,Sarva Haryana Gramin Bank,24.99,94.60%,4.55%,0.84%,0.14,64.95%,06
50,Standard Chartered Bank,24.78,95.78%,3.88%,0.33%,0.05,74.66%,06
1,State Bank of India,"4,956.07",92.01%,7.09%,0.90%,20.26,86.30%,03
2,HDFC Bank Ltd.,"1,513.14",93.98%,6.00%,0.02%,4.92,97.21%,03
3,Bank of Baroda,"1,270.60",89.47%,10.50%,0.03%,3.86,95.32%,03
4,Union Bank of India,"1,173.28",91.58%,8.36%,0.06%,3.51,89.97%,03
5,Punjab National Bank,"1,043.06",90.22%,9.45%,0.33%,3.83,91.30%,03
6,Kotak Mahindra Bank,938.6,89.78%,10.19%,0.02%,2.42,0.94%,03
7,Canara Bank,901.11,91.83%,8.04%,0.13%,2.7,87.81%,03
8,Axis Bank Ltd.,883.53,93.52%,6.45%,0.03%,2.25,84.45%,03
9,ICICI Bank Ltd.,730.29,95.15%,4.72%,0.13%,1.83,91.05%,03
10,Bank Of India,595.31,92.34%,7.08%,0.58%,2.67,73.07%,03
11,Indian Bank,589.5,91.56%,8.21%,0.23%,1.97,75.66%,03
12,India Post Payments Bank Limited,570.54,86.13%,13.54%,0.33%,2.31,89.05%,03
13,Airtel Payments Bank Limited,569.69,84.31%,15.38%,0.31%,2.52,88.84%,03
14,Indian Overseas Bank,292.32,91.93%,7.67%,0.40%,1.06,91.87%,03
15,Central Bank of India,266.98,86.15%,13.55%,0.30%,0.94,94.79%,03
16,Federal Bank Ltd.,256.34,91.49%,8.46%,0.05%,0.57,98.07%,03
17,UCO Bank,254.76,89.86%,10.05%,0.09%,0.96,89.31%,03
18,Fino Payments Bank Ltd.,214.85,87.62%,12.18%,0.21%,1.2,72.33%,03
19,Bank of Maharashtra,208.61,92.52%,7.31%,0.17%,0.81,69.23%,03
20,Indusind Bank Ltd.,203.78,87.95%,12.02%,0.03%,0.74,81.22%,03
21,IDBI Bank Ltd.,200.78,92.76%,7.23%,0.01%,0.6,95.10%,03
22,Yes Bank Ltd.,167.37,88.24%,11.65%,0.11%,0.46,69.33%,03
23,Karnataka Bank,144.19,90.64%,8.75%,0.61%,0.7,59.68%,03
24,IDFC Bank Ltd.,112.68,91.20%,8.80%,0.00%,0.29,91.84%,03
25,Karur Vysya Bank,90.86,91.97%,7.76%,0.27%,0.27,82.68%,03
26,Tri O Tech Solutions Private Limited,89.61,100.00%,0.00%,0.00%,-,0.00%,03
27,The Jammu & Kashmir Bank Limited,88.86,92.45%,6.41%,1.14%,0.99,32.27%,03
28,Bandhan Bank limited,82.99,92.36%,5.16%,2.48%,0.79,67.08%,03
29,AU Small Finance Bank,75.73,87.32%,12.67%,0.00%,0.29,83.57%,03
30,The South Indian Bank Limited,70.22,93.88%,6.04%,0.08%,0.17,90.63%,03
31,Punjab and Sind Bank,55.66,89.85%,9.52%,0.63%,0.35,71.58%,03
32,City Union Bank,54.12,90.75%,9.13%,0.12%,0.12,97.17%,03
33,Ujjivan Small Finance Bank Limited,53.09,93.11%,6.29%,0.60%,0.25,69.05%,03
34,Tamilnad Mercantile Bank Limited,51.92,91.34%,8.14%,0.52%,0.19,63.01%,03
35,JIO Payments Bank Ltd,48.73,78.72%,14.05%,7.23%,0.83,48.37%,03
36,Kerala Gramin Bank,43.54,91.33%,7.35%,1.32%,0.34,62.35%,03
37,Baroda U.P. Bank,43.22,90.27%,7.22%,2.51%,0.38,44.46%,03
38,Telangana Grameena Bank,37.03,83.67%,12.91%,3.42%,0.45,40.45%,03
39,Karnataka Gramin Bank,36,88.58%,10.27%,1.16%,0.27,82.93%,03
40,Maharashtra Gramin Bank,35.59,86.14%,12.37%,1.50%,0.17,60.21%,03
41,RBL Bank Ltd.,34.99,92.49%,6.98%,0.53%,0.12,66.84%,03
42,NSDL Payments Bank Limited,34.89,69.20%,19.22%,11.58%,1.07,16.58%,03
43,Rajasthan Marudhara Gramin Bank,34.54,80.78%,17.51%,1.71%,0.32,60.34%,03
44,DBS Bank India Limited,32.09,91.95%,8.04%,0.01%,0.09,94.35%,03
45,ESAF Small Finance Bank Ltd,31.85,91.50%,4.25%,4.26%,0.36,51.60%,03
46,Equitas Small Finance Bank,31.5,90.20%,9.43%,0.37%,0.1,89.49%,03
47,Saraswat Co-operative Bank,29.58,93.49%,6.01%,0.50%,0.1,66.23%,03
48,Andhra Pragathi Grameena Bank,28.26,83.93%,12.16%,3.91%,0.59,82.53%,03
49,Standard Chartered Bank,27.87,95.83%,4.14%,0.03%,0.06,91.92%,03
50,Sarva Haryana Gramin Bank,23.93,93.63%,4.59%,1.77%,0.21,51.59%,03
1,State Bank of India,"5,514.06",92.79%,6.92%,0.29%,18.57,97.75%,11
2,HDFC Bank Ltd.,"1,587.84",94.88%,5.10%,0.02%,3.67,93.80%,11
3,Bank of Baroda,"1,420.10",90.48%,9.41%,0.11%,5.06,96.82%,11
4,Union Bank of India,"1,274.78",91.99%,7.88%,0.14%,3.87,91.57%,11
5,Punjab National Bank,"1,130.68",90.30%,9.43%,0.28%,4.67,95.99%,11
6,Canara Bank,"1,012.47",91.63%,7.70%,0.67%,3.88,79.02%,11
7,Kotak Mahindra Bank,"1,010.55",91.41%,8.21%,0.38%,3.95,70.97%,11
8,Axis Bank Ltd.,989.22,94.98%,5.02%,0.00%,2.03,98.48%,11
9,ICICI Bank Ltd.,743.57,95.93%,3.98%,0.09%,1.38,96.94%,11
10,India Post Payments Bank Limited,722.11,85.09%,14.21%,0.70%,5.16,76.92%,11
11,Indian Bank,688.17,91.09%,8.63%,0.28%,2.31,89.63%,11
12,Airtel Payments Bank Limited,655.90,81.72%,18.05%,0.23%,4.37,94.53%,11
13,Bank Of India,637.79,92.42%,6.92%,0.66%,2.99,83.83%,11
14,Indian Overseas Bank,353.99,91.16%,6.79%,2.05%,3.68,78.85%,11
15,Central Bank of India,334.49,90.40%,8.67%,0.93%,1.96,86.33%,11
16,UCO Bank,293.38,89.80%,10.11%,0.09%,1.07,93.31%,11
17,Federal Bank Ltd.,270.16,92.86%,7.11%,0.03%,0.57,98.44%,11
18,Fino Payments Bank Ltd.,242.83,81.31%,17.35%,1.34%,1.28,91.41%,11
19,Bank of Maharashtra,228.31,93.27%,6.65%,0.08%,0.66,88.18%,11
20,Indusind Bank Ltd.,218.34,87.95%,11.30%,0.74%,1.08,74.18%,11
21,IDBI Bank Ltd.,205.90,93.76%,6.10%,0.14%,0.59,85.48%,11
22,Yes Bank Ltd.,175.69,90.99%,8.83%,0.17%,0.38,73.48%,11
23,Tri O Tech Solutions Private Limited,148.71,100.00%,0.00%,0.00%,-,0.00%,11
24,Karnataka Bank,147.88,92.20%,7.66%,0.13%,0.51,98.75%,11
25,IDFC Bank Ltd.,121.41,92.87%,7.08%,0.05%,0.30,92.31%,11
26,The Jammu & Kashmir Bank Limited,102.21,92.45%,6.32%,1.23%,0.85,53.26%,11
27,Karur Vysya Bank,95.46,92.91%,6.97%,0.12%,0.25,88.84%,11
28,BANDHAN BANK LIMITED,92.91,94.34%,4.54%,1.12%,0.63,65.61%,11
29,AU Small Finance Bank,79.93,88.12%,10.93%,0.95%,0.44,75.06%,11
30,The South Indian Bank Limited,77.11,94.27%,5.49%,0.24%,0.14,91.76%,11
31,JIO Payments Bank Ltd,75.81,82.97%,15.06%,1.97%,0.84,86.61%,11
32,Uttar Pradesh Gramin Bank,65.09,91.70%,4.80%,3.50%,0.94,48.08%,11
33,Punjab and Sind Bank,59.84,90.13%,9.04%,0.83%,0.30,95.90%,11
34,NSDL Payments Bank Limited,58.75,81.88%,17.43%,0.69%,0.56,89.64%,11
35,City Union Bank,57.73,92.19%,7.72%,0.08%,0.11,98.90%,11
36,Tamilnad Mercantile Bank Limited,57.69,92.37%,7.18%,0.45%,0.17,79.53%,11
37,Ujjivan Small Finance Bank Limited,55.38,90.12%,9.66%,0.22%,0.20,94.77%,11
38,Kerala Gramin Bank,52.13,92.25%,6.96%,0.78%,0.29,54.51%,11
39,Rajasthan Gramin Bank,49.22,84.89%,12.28%,2.83%,0.48,58.94%,11
40,Karnataka Gramin Bank,48.12,87.01%,10.70%,2.29%,0.51,55.91%,11
41,Telangana Grameena Bank,44.51,88.25%,10.18%,1.57%,0.20,79.41%,11
42,Slice Small Finance Bank Ltd,40.67,95.52%,4.28%,0.20%,0.22,88.89%,11
43,Maharashtra Gramin Bank,37.47,85.79%,13.44%,0.76%,0.17,58.41%,11
44,ESAF Small Finance Bank Ltd,34.85,95.30%,4.07%,0.64%,0.13,87.85%,11
45,Andhra Pradesh Grameena Bank,31.72,89.48%,8.96%,1.56%,0.24,57.35%,11
46,Saraswat Co-operative Bank,31.18,94.43%,5.13%,0.44%,0.08,80.17%,11
47,DBS Bank India Limited,30.93,92.40%,7.47%,0.13%,0.08,94.01%,11
48,RBL Bank Ltd.,28.73,91.68%,7.94%,0.38%,0.07,74.05%,11
49,Equitas Small Finance Bank,28.07,90.71%,9.09%,0.20%,0.09,96.14%,11
50,Sarva Haryana Gramin Bank,26.58,92.15%,7.47%,0.39%,0.17,82.97%,11
1,State Bank of India,"5,275.12",93.04%,6.32%,0.64%,17.37,91.38%,09
2,HDFC Bank Ltd.,"1,536.13",95.06%,4.94%,0.01%,3.51,97.83%,09
3,Bank of Baroda,"1,356.34",91.15%,8.73%,0.13%,4.21,97.01%,09
4,Union Bank of India,"1,215.12",92.80%,7.15%,0.05%,3.43,92.32%,09
5,Punjab National Bank,"1,118.17",89.93%,9.93%,0.14%,3.60,96.60%,09
6,Kotak Mahindra Bank,965.85,92.30%,7.60%,0.10%,2.50,94.28%,09
7,Canara Bank,962.60,92.52%,7.19%,0.28%,2.71,86.72%,09
8,Axis Bank Ltd.,902.48,94.95%,5.04%,0.01%,1.96,96.25%,09
9,ICICI Bank Ltd.,730.11,95.92%,4.07%,0.01%,1.36,97.44%,09
10,India Post Payments Bank Limited,657.46,85.38%,13.18%,1.44%,4.61,59.76%,09
11,Indian Bank,647.09,92.65%,7.16%,0.20%,1.77,1.77%,09
12,Airtel Payments Bank Limited,626.60,84.66%,15.11%,0.23%,3.30,96.95%,09
13,Bank Of India,603.94,93.55%,6.26%,0.19%,2.34,89.43%,09
14,Indian Overseas Bank,329.04,93.42%,6.32%,0.26%,1.24,74.44%,09
15,Central Bank of India,311.91,91.34%,7.99%,0.66%,1.41,91.49%,09
16,UCO Bank,281.68,90.75%,8.47%,0.79%,1.56,66.23%,09
17,Federal Bank Ltd.,259.32,93.47%,6.48%,0.05%,0.58,97.05%,09
18,Fino Payments Bank Ltd.,231.13,85.06%,13.61%,1.32%,1.07,86.03%,09
19,Indusind Bank Ltd.,213.90,89.60%,10.10%,0.30%,0.91,73.64%,09
20,Bank of Maharashtra,213.37,93.20%,6.49%,0.30%,0.76,72.18%,09
21,IDBI Bank Ltd.,201.57,93.14%,6.35%,0.51%,0.69,76.64%,09
22,Yes Bank Ltd.,163.15,90.69%,9.17%,0.14%,0.33,82.27%,09
23,Karnataka Bank,141.24,92.61%,7.22%,0.16%,0.42,86.07%,09
24,Tri O Tech Solutions Private Limited,139.13,100.00%,0.00%,0.00%,-,0.00%,09
25,IDFC Bank Ltd.,114.40,93.30%,6.67%,0.03%,0.29,93.12%,09
26,The Jammu & Kashmir Bank Limited,94.62,93.33%,6.20%,0.47%,0.43,60.30%,09
27,Karur Vysya Bank,92.71,92.73%,6.88%,0.40%,0.28,89.51%,09
28,BANDHAN BANK LIMITED,91.72,94.77%,4.91%,0.32%,0.40,90.53%,09
29,AU Small Finance Bank,77.16,89.48%,9.86%,0.66%,0.35,75.21%,09
30,The South Indian Bank Limited,73.96,94.74%,4.96%,0.30%,0.14,98.20%,09
31,HDFC Bank Credit Card HCB,63.77,95.82%,4.15%,0.03%,0.15,98.27%,09
32,JIO Payments Bank Ltd,63.71,86.30%,13.00%,0.70%,0.41,95.72%,09
33,Punjab and Sind Bank,59.04,90.10%,8.39%,1.51%,0.43,62.60%,09
34,City Union Bank,56.06,92.58%,7.27%,0.15%,0.13,96.36%,09
35,Tamilnad Mercantile Bank Limited,55.19,92.93%,6.80%,0.28%,0.15,89.39%,09
36,Baroda U.P. Bank,54.02,85.15%,4.64%,10.22%,1.45,43.42%,09
37,Ujjivan Small Finance Bank Limited,53.83,91.01%,8.54%,0.45%,0.20,85.00%,09
38,NSDL Payments Bank Limited,50.72,83.80%,14.81%,1.40%,0.43,71.15%,09
39,Kerala Gramin Bank,49.94,87.81%,6.32%,5.88%,0.88,66.18%,09
40,SBI Cards and Payment Services Limited,44.04,95.53%,4.30%,0.18%,0.14,97.10%,09
41,Rajasthan Marudhara Gramin Bank,42.78,86.27%,11.97%,1.76%,0.42,43.83%,09
42,Telangana Grameena Bank,39.87,88.26%,9.30%,2.44%,0.37,39.15%,09
43,ESAF Small Finance Bank Ltd,34.03,95.80%,4.06%,0.14%,0.11,88.78%,09
44,ICICI Bank Credit Card,32.88,95.93%,4.02%,0.05%,0.07,97.11%,09
45,Andhra Pragathi Grameena Bank,31.46,83.27%,13.51%,3.22%,0.15,63.33%,09
46,Karnataka Gramin Bank,31.17,83.04%,11.11%,5.85%,0.60,37.60%,09
47,Maharashtra Gramin Bank,30.47,83.19%,13.69%,3.12%,0.23,50.40%,09
48,DBS Bank India Limited,30.33,93.33%,6.61%,0.07%,0.08,94.32%,09
49,RBL Bank Ltd.,29.74,92.70%,6.77%,0.53%,0.10,52.60%,09
50,Saraswat Co-operative Bank,29.27,94.81%,4.68%,0.51%,0.09,77.34%,09
1,State Bank of India,5214.74,93.22%,6.17%,0.61%,17.16,63.71%,07
2,HDFC Bank Ltd.,1543.98,95.16%,4.76%,0.08%,0.44,99.92%,07
3,Bank of Baroda,1328.01,90.70%,9.08%,0.22%,3.73,97.68%,07
4,Union Bank of India,1200.25,92.81%,6.98%,0.20%,3.44,85.93%,07
5,Punjab National Bank,1106.80,91.41%,8.39%,0.19%,3.55,98.66%,07
6,Kotak Mahindra Bank,960.38,92.29%,7.69%,0.02%,2.18,97.86%,07
7,Canara Bank,942.67,92.65%,7.11%,0.24%,2.84,82.15%,07
8,Axis Bank Ltd.,875.50,94.64%,5.33%,0.04%,1.80,97.82%,07
9,ICICI Bank Ltd.,735.99,96.08%,3.89%,0.02%,1.33,97.72%,07
10,India Post Payments Bank Limited,637.61,88.72%,11.16%,0.12%,2.33,99.38%,07
11,Indian Bank,631.57,92.54%,7.21%,0.25%,1.67,87.13%,07
12,Airtel Payments Bank Limited,615.75,85.84%,14.06%,0.11%,2.35,98.21%,07
13,Bank Of India,606.19,91.22%,6.34%,2.44%,3.87,54.97%,07
14,Indian Overseas Bank,322.83,91.31%,7.92%,0.76%,1.96,58.10%,07
15,Central Bank of India,292.20,91.16%,8.03%,0.81%,1.41,78.47%,07
16,UCO Bank,273.67,91.41%,8.42%,0.18%,0.91,88.54%,07
17,Federal Bank Ltd.,257.37,93.18%,6.71%,0.11%,0.55,97.09%,07
18,Fino Payments Bank Ltd.,223.00,86.83%,12.53%,0.64%,0.93,90.45%,07
19,Bank of Maharashtra,213.67,93.27%,6.60%,0.13%,0.56,92.76%,07
20,Indusind Bank Ltd.,211.20,89.96%,9.93%,0.10%,0.72,80.64%,07
21,IDBI Bank Ltd.,204.29,93.45%,6.33%,0.22%,0.67,88.00%,07
22,Yes Bank Ltd.,203.24,92.22%,7.68%,0.11%,0.29,86.92%,07
23,Karnataka Bank,140.62,92.18%,7.41%,0.41%,0.40,75.69%,07
24,Tri O Tech Solutions Private Limited,124.55,100.00%,0.00%,0.00%,-,0.00%,07
25,IDFC Bank Ltd.,118.94,93.26%,6.55%,0.18%,0.32,83.18%,07
26,The Jammu & Kashmir Bank Limited,106.40,88.64%,5.56%,5.79%,2.28,11.94%,07
27,Karur Vysya Bank,95.01,92.55%,6.64%,0.81%,0.39,65.16%,07
28,Bandhan Bank limited,90.18,93.92%,5.41%,0.67%,0.39,82.42%,07
29,AU Small Finance Bank,77.71,89.21%,10.11%,0.68%,0.34,70.50%,07
30,The South Indian Bank Limited,72.87,94.68%,5.08%,0.24%,0.15,99.26%,07
31,JIO Payments Bank Ltd,58.03,86.07%,12.54%,1.39%,0.53,84.05%,07
32,Punjab and Sind Bank,57.19,90.96%,8.17%,0.87%,0.33,76.20%,07
33,City Union Bank,56.65,92.30%,7.56%,0.14%,0.13,99.87%,07
34,Tamilnad Mercantile Bank Limited,55.91,91.44%,7.29%,1.27%,0.24,67.84%,07
35,Ujjivan Small Finance Bank Limited,54.99,89.92%,8.92%,1.16%,0.19,80.13%,07
36,Baroda U.P. Bank,48.24,92.71%,5.61%,1.68%,0.32,56.53%,07
37,Kerala Gramin Bank,46.93,91.33%,7.04%,1.64%,0.42,85.31%,07
38,NSDL Payments Bank Limited,45.70,84.88%,14.23%,0.89%,0.30,74.60%,07
39,Telangana Grameena Bank,40.36,88.11%,10.35%,1.54%,0.38,56.78%,07
40,Maharashtra Gramin Bank,37.37,84.63%,13.82%,1.56%,0.20,62.99%,07
41,Rajasthan Marudhara Gramin Bank,36.15,85.28%,12.34%,2.38%,0.32,40.95%,07
42,Karnataka Gramin Bank,34.96,89.09%,10.03%,0.88%,0.19,91.19%,07
43,ESAF Small Finance Bank Ltd,33.38,95.70%,4.26%,0.04%,0.09,97.84%,07
44,Andhra Pragathi Grameena Bank,31.91,82.27%,13.96%,3.78%,0.28,32.42%,07
45,DBS Bank India Limited,31.81,93.09%,6.76%,0.15%,0.08,95.78%,07
46,RBL Bank Ltd.,31.22,92.43%,7.09%,0.48%,0.10,79.93%,07
47,Equitas Small Finance Bank,30.07,91.14%,8.86%,0.01%,0.08,99.28%,07
48,Saraswat Co-operative Bank,29.63,94.75%,5.11%,0.15%,0.06,96.44%,07
49,Sarva Haryana Gramin Bank,26.28,94.29%,4.70%,1.01%,0.18,57.32%,07
50,Standard Chartered Bank,23.69,95.49%,4.22%,0.30%,0.06,69.11%,07
1,State Bank of India,"5,833.74",91.89%,7.54%,0.57%,18.25,97.54%,12
2,HDFC Bank Ltd.,"1,654.30",94.30%,5.67%,0.03%,3.88,92.97%,12
3,Bank of Baroda,"1,514.50",89.57%,10.32%,0.11%,5.36,98.90%,12
4,Union Bank of India,"1,346.98",90.75%,8.66%,0.58%,5.47,67.95%,12
5,Punjab National Bank,"1,206.23",89.29%,10.15%,0.56%,5.64,89.78%,12
6,Axis Bank Ltd.,"1,107.12",94.87%,5.12%,0.01%,2.11,99.69%,12
7,Canara Bank,"1,076.87",90.95%,8.24%,0.80%,4.54,76.40%,12
8,Kotak Mahindra Bank,"1,075.99",90.79%,9.19%,0.01%,3.01,96.27%,12
9,ICICI Bank Ltd.,777.48,95.74%,4.20%,0.05%,1.40,97.08%,12
10,India Post Payments Bank Limited,770.88,84.39%,14.98%,0.63%,4.63,92.76%,12
11,Indian Bank,728.78,91.08%,8.69%,0.22%,2.51,92.97%,12
12,Airtel Payments Bank Limited,713.93,80.83%,18.93%,0.24%,4.42,93.44%,12
13,Bank Of India,675.44,92.49%,7.29%,0.22%,2.58,94.40%,12
14,Indian Overseas Bank,373.86,91.34%,7.65%,1.01%,1.21,69.35%,12
15,Central Bank of India,361.51,89.74%,9.46%,0.81%,2.29,82.16%,12
16,UCO Bank,311.19,89.39%,10.46%,0.15%,1.31,86.85%,12
17,Federal Bank Ltd.,287.32,92.27%,7.62%,0.11%,0.65,95.84%,12
18,Fino Payments Bank Ltd.,257.61,81.75%,17.75%,0.51%,1.41,89.47%,12
19,Bank of Maharashtra,241.41,92.50%,7.23%,0.27%,0.78,75.21%,12
20,Indusind Bank Ltd.,232.46,87.60%,12.15%,0.25%,1.03,76.41%,12
21,IDBI Bank Ltd.,216.21,92.87%,6.73%,0.40%,0.70,74.23%,12
22,Yes Bank Ltd.,182.31,90.49%,9.39%,0.12%,0.34,87.17%,12
23,Karnataka Bank,158.04,91.61%,8.24%,0.15%,0.54,94.62%,12
24,Tri O Tech Solutions Private Limited,157.89,100.00%,0.00%,0.00%,-,0.00%,12
25,IDFC Bank Ltd.,126.76,92.29%,7.68%,0.03%,0.33,88.23%,12
26,The Jammu & Kashmir Bank Limited,107.49,92.54%,6.96%,0.50%,0.63,77.36%,12
27,Karur Vysya Bank,102.37,92.51%,7.37%,0.12%,0.30,84.63%,12
28,BANDHAN BANK LIMITED,97.47,95.42%,4.58%,0.00%,0.43,97.99%,12
29,JIO Payments Bank Ltd,85.37,80.99%,16.26%,2.75%,1.08,97.16%,12
30,AU Small Finance Bank,85.25,88.18%,11.66%,0.16%,0.35,91.62%,12
31,The South Indian Bank Limited,81.38,94.38%,5.58%,0.04%,0.15,99.04%,12
32,Uttar Pradesh Gramin Bank,71.45,91.42%,4.52%,4.06%,1.04,45.06%,12
33,NSDL Payments Bank Limited,67.06,79.15%,18.67%,2.19%,0.86,76.31%,12
34,Punjab and Sind Bank,62.97,87.64%,10.95%,1.41%,0.52,60.95%,12
35,Tamilnad Mercantile Bank Limited,62.47,91.74%,7.44%,0.83%,0.25,70.90%,12
36,City Union Bank,61.25,91.82%,8.11%,0.07%,0.15,95.68%,12
37,Ujjivan Small Finance Bank Limited,59.73,88.34%,11.50%,0.16%,0.21,94.27%,12
38,Kerala Gramin Bank,55.20,92.26%,7.43%,0.31%,0.21,67.92%,12
39,Rajasthan Gramin Bank,54.91,84.05%,12.66%,3.29%,0.69,50.33%,12
40,Karnataka Gramin Bank,53.94,88.85%,10.88%,0.27%,0.22,77.66%,12
41,Slice Small Finance Bank,48.39,95.36%,4.51%,0.12%,0.22,90.62%,12
42,Telangana Grameena Bank,47.72,88.63%,10.65%,0.71%,0.19,90.13%,12
43,Andhra Pradesh Grameena Bank,39.67,91.41%,7.66%,0.93%,0.23,55.25%,12
44,Maharashtra Gramin Bank,39.27,84.54%,13.94%,1.52%,0.26,37.41%,12
45,ESAF Small Finance Bank Ltd,36.95,95.86%,3.85%,0.30%,0.12,96.96%,12
46,Saraswat Co-operative Bank,33.09,94.17%,5.28%,0.56%,0.10,70.21%,12
47,DBS Bank India Limited,32.42,91.93%,8.02%,0.05%,0.08,95.64%,12
48,RBL Bank Ltd.,31.79,92.57%,7.36%,0.07%,0.06,89.37%,12
49,Equitas Small Finance Bank,29.61,90.25%,9.74%,0.01%,0.09,99.47%,12
50,Sarva Haryana Gramin Bank,27.78,91.17%,6.97%,1.87%,0.38,45.62%,12
1,State Bank of India,"5,531.27",92.89%,6.56%,0.55%,16.13,93.05%,10
2,HDFC Bank Ltd.,"1,638.91",95.09%,4.89%,0.02%,3.91,98.04%,10
3,Bank of Baroda,"1,438.02",91.21%,8.75%,0.04%,4.34,99.10%,10
4,Union Bank of India,"1,282.39",92.53%,7.43%,0.04%,3.56,93.12%,10
5,Punjab National Bank,"1,156.34",90.06%,9.73%,0.21%,4.31,88.88%,10
6,Kotak Mahindra Bank,"1,031.11",92.04%,7.93%,0.03%,2.55,97.62%,10
7,Canara Bank,"1,014.04",92.52%,7.42%,0.06%,2.56,95.72%,10
8,Axis Bank Ltd.,954.46,94.92%,5.08%,0.00%,2.00,98.81%,10
9,ICICI Bank Ltd.,769.72,95.94%,4.05%,0.01%,1.39,99.60%,10
10,India Post Payments Bank Limited,712.41,85.72%,13.54%,0.74%,3.80,81.92%,10
11,Indian Bank,687.32,92.42%,7.47%,0.11%,1.80,95.19%,10
12,Airtel Payments Bank Limited,671.92,83.17%,16.77%,0.06%,2.95,99.32%,10
13,Bank Of India,642.99,93.23%,6.46%,0.31%,2.64,89.57%,10
14,Indian Overseas Bank,350.56,93.12%,6.82%,0.07%,1.02,97.18%,10
15,Central Bank of India,333.63,90.91%,8.58%,0.51%,1.50,88.89%,10
16,UCO Bank,296.04,90.21%,9.46%,0.33%,1.15,91.39%,10
17,Federal Bank Ltd.,273.16,93.13%,6.84%,0.04%,0.54,99.49%,10
18,Fino Payments Bank Ltd.,248.52,83.26%,14.88%,1.86%,1.09,88.62%,10
19,Bank of Maharashtra,230.93,93.50%,6.37%,0.13%,0.65,86.53%,10
20,Indusind Bank Ltd.,225.19,88.93%,10.76%,0.31%,0.97,69.45%,10
21,IDBI Bank Ltd.,210.68,93.70%,5.93%,0.37%,0.63,76.49%,10
22,Yes Bank Ltd.,189.91,91.86%,8.05%,0.09%,0.33,85.78%,10
23,Karnataka Bank,147.34,92.27%,7.53%,0.20%,0.57,93.86%,10
24,Tri O Tech Solutions Private Limited,145.04,100.00%,0.00%,0.00%,-,0.00%,10
25,IDFC Bank Ltd.,121.18,92.94%,6.95%,0.12%,0.31,91.77%,10
26,The Jammu & Kashmir Bank Limited,103.76,92.63%,6.05%,1.32%,0.73,47.98%,10
27,Karur Vysya Bank,95.19,92.21%,7.40%,0.38%,0.27,78.50%,10
28,BANDHAN BANK LIMITED,94.16,94.98%,4.68%,0.34%,0.37,98.35%,10
29,AU Small Finance Bank,82.21,87.77%,10.42%,1.81%,0.63,42.32%,10
30,The South Indian Bank Limited,76.87,94.75%,5.19%,0.06%,0.14,97.24%,10
31,JIO Payments Bank Ltd,71.17,85.77%,13.86%,0.37%,0.55,94.36%,10
32,Punjab and Sind Bank,61.44,86.20%,8.82%,4.98%,0.77,42.63%,10
33,Uttar Pradesh Gramin Bank,61.35,89.55%,5.84%,4.61%,0.89,46.50%,10
34,NSDL Payments Bank Limited,58.08,82.56%,17.11%,0.33%,0.37,90.05%,10
35,City Union Bank,57.97,92.33%,7.51%,0.16%,0.13,99.47%,10
36,Tamilnad Mercantile Bank Limited,57.59,92.63%,6.98%,0.39%,0.15,84.16%,10
37,Ujjivan Small Finance Bank Limited,56.36,90.20%,9.18%,0.62%,0.22,77.59%,10
38,Kerala Gramin Bank,51.97,91.01%,6.91%,2.08%,0.35,71.49%,10
39,Rajasthan Gramin Bank,47.67,86.98%,12.21%,0.81%,0.40,57.06%,10
40,Karnataka Gramin Bank,44.83,83.94%,12.24%,3.82%,0.71,56.17%,10
41,Telangana Grameena Bank,42.49,87.93%,10.00%,2.07%,0.40,33.13%,10
42,Maharashtra Gramin Bank,37.14,85.22%,13.29%,1.49%,0.21,45.64%,10
43,ESAF Small Finance Bank Ltd,35.02,95.61%,4.16%,0.23%,0.10,96.51%,10
44,Slice Small Finance Bank,34.08,95.78%,3.89%,0.33%,0.16,81.20%,10
45,Saraswat Co-operative Bank,32.19,94.70%,4.70%,0.59%,0.10,72.24%,10
46,DBS Bank India Limited,31.38,92.84%,7.15%,0.01%,0.07,96.29%,10
47,RBL Bank Ltd.,29.59,91.84%,8.06%,0.10%,0.06,87.04%,10
48,Equitas Small Finance Bank,29.10,91.05%,8.67%,0.28%,0.09,84.10%,10
49,Sarva Haryana Gramin Bank,27.74,92.99%,6.01%,1.00%,0.17,68.88%,10
50,Standard Chartered Bank,23.00,96.32%,3.62%,0.06%,0.04,90.06%,10
